<?xml version="1.0" encoding="utf-8"?>
<rss version="2.0"
	 xmlns:atom="http://www.w3.org/2005/Atom"
	 xmlns:dc="http://purl.org/dc/elements/1.1/"
	 xmlns:content="http://purl.org/rss/1.0/modules/content/">
	<channel>
		<title>Bash.Org.Ru</title>
		<link>http://bash.org.ru/</link>
		<atom:link href="http://bash.org.ru/rss/" rel="self" type="application/rss+xml" />
		<description>Цитатник Рунета</description>
		<language>ru</language>
		<item>
			<guid isPermaLink="false">711c21a9cee012210f6d808cbf51d7cc5f90f1f6d8dc00db5d4bbb5976de893b</guid>
			<link>http://bash.org.ru/quote/408800</link>
			<title>Цитата #408800</title>
			<pubDate>Tue, 30 Nov 2010 10:46:07 +0400</pubDate> 
			<description><![CDATA[&lt;Gwinnny&gt;: чё злой такой?<br>&lt;...Рыбка...&gt;: я не мужик<br>&lt;Gwinnny&gt;: и тебя это злит?]]></description>	
		</item>
		<item>
			<guid isPermaLink="false">bf94a800d7345145180c2b3d10f068fc3e5801f27d3e0eacb5efc01f40c037d5</guid>
			<link>http://bash.org.ru/quote/408799</link>
			<title>Цитата #408799</title>
			<pubDate>Tue, 30 Nov 2010 10:44:47 +0400</pubDate> 
			<description><![CDATA[она: Милый, приезжай скорее! Я умру тебя ждать!<br>он: Я не поеду к трупу!<br>она: Я придумала! Это будет как в сказке: ты приедешь, поцелуешь меня и я оживу!!!<br>он: Я не буду целовать труп!!!]]></description>	
		</item>
		<item>
			<guid isPermaLink="false">c36dc968352b705f20c1ed12576b3f6d681c4c1cbb5d4de8359ed3c465454705</guid>
			<link>http://bash.org.ru/quote/408798</link>
			<title>Цитата #408798</title>
			<pubDate>Tue, 30 Nov 2010 10:44:01 +0400</pubDate> 
			<description><![CDATA[С местного форума по продаже авто:<br><br>- Продам Приору седан, комплектация Норма, Цвет СОЧИ.<br>- цвет СОЧИ? это как? обклеена объявлениями о сдаче комнат? =)]]></description>	
		</item>
		<item>
			<guid isPermaLink="false">c10d0b232455b8207a1ab407aae35431b02f6bf73ee27817fb620e28c6ad33a1</guid>
			<link>http://bash.org.ru/quote/408797</link>
			<title>Цитата #408797</title>
			<pubDate>Tue, 30 Nov 2010 10:13:01 +0400</pubDate> 
			<description><![CDATA[A: отдать штуку баксов за котенка это нормально или нет?<br>B: его в заложники взяли?]]></description>	
		</item>
		<item>
			<guid isPermaLink="false">feeedd5e1695d4d589f5995b00299db5457377a08ab8c717e1902e53b013fa6f</guid>
			<link>http://bash.org.ru/quote/408796</link>
			<title>Цитата #408796</title>
			<pubDate>Tue, 30 Nov 2010 09:46:01 +0400</pubDate> 
			<description><![CDATA[petit_fantome: однажды недалекий и незадачливый юнец начал формулировать многоступенчатый комплимент с очень сложной конструкцией, смешался, запутался, так долго подбирал слова, что в итоге я потеряла терпение и стала подсказывать ему эпитеты. Он слушал и соглашался.]]></description>	
		</item>
		<item>
			<guid isPermaLink="false">14b2bc822d755b658ad9c6dfae52901b1dd12945ed427fba9b4656948acc7a9f</guid>
			<link>http://bash.org.ru/quote/408795</link>
			<title>Цитата #408795</title>
			<pubDate>Tue, 30 Nov 2010 09:13:04 +0400</pubDate> 
			<description><![CDATA[Ж: Что делает мой котик?<br>М: Мёрзнет.<br>Ж: Ну это же не смешно!<br>М: Конечно, это холодно, блядь!]]></description>	
		</item>
		<item>
			<guid isPermaLink="false">3f70fca9a809ebd8ab1e6dc14e18df85158a7a74183a11d28a65e5d27211a7e2</guid>
			<link>http://bash.org.ru/quote/408794</link>
			<title>Цитата #408794</title>
			<pubDate>Tue, 30 Nov 2010 09:12:10 +0400</pubDate> 
			<description><![CDATA[Чуча:<br>Под окнами на лавке двое пьяных в хлам чуваков оживлённо спорят, кто круче, робокоп или терминатор. Дальше ситуация развивается просто ГЕНИАЛЬНО! Один из них говорит: &quot;А давай проверим? Давай, как будто ты робокоп, а я терминатор&quot; — и они подрались!]]></description>	
		</item>
		<item>
			<guid isPermaLink="false">aeaed3de5f9a64f5cbe9b807766ad31d6bac775a6be67dcb97c3e224f95286b0</guid>
			<link>http://bash.org.ru/quote/408793</link>
			<title>Цитата #408793</title>
			<pubDate>Tue, 30 Nov 2010 09:11:01 +0400</pubDate> 
			<description><![CDATA[mrx: Ладно, что мы обо мне, да обо мне. Давай о тебе. Ты кто?]]></description>	
		</item>
		<item>
			<guid isPermaLink="false">60788a6c6562bced560dc0b05f3747b88677d81b322fb3f3105621c6be87b975</guid>
			<link>http://bash.org.ru/quote/408792</link>
			<title>Цитата #408792</title>
			<pubDate>Tue, 30 Nov 2010 08:46:01 +0400</pubDate> 
			<description><![CDATA[storm: кстати, Вовина жона собирается ДР делать в пиратском стиле. Я так понимаю что мне даже костюм делать не надо<br>storm: достаточно написать на майке &quot;торрентс.ру/рутрекер.орг, 2 года на раздаче&quot;]]></description>	
		</item>
		<item>
			<guid isPermaLink="false">6fd422b07630683dd3883b46b3a30f2a47b24893608930a3e3324c45e8fe8f4a</guid>
			<link>http://bash.org.ru/quote/408791</link>
			<title>Цитата #408791</title>
			<pubDate>Tue, 30 Nov 2010 08:13:03 +0400</pubDate> 
			<description><![CDATA[xxx: хотя я сама виновата, всю романтику сама убила а теперь огорчаюсь<br>yyy: Что так?<br>xxx: ну например, он стоит ждет меня возле подъезда, в пальто, хорошо пахнет, побрился, причесался. И тут я вся такая дикая, растрепаная, выбегаю из подъезда с мусорным пакетом и ору &quot;МАКС, привет! Я тебе гостинцы принесла!&quot;]]></description>	
		</item>
		<item>
			<guid isPermaLink="false">08613b408158f69391636abf584fee22b0bdf1e0afa4bed63dbe50774c27e4ae</guid>
			<link>http://bash.org.ru/quote/408790</link>
			<title>Цитата #408790</title>
			<pubDate>Tue, 30 Nov 2010 08:11:49 +0400</pubDate> 
			<description><![CDATA[Она: ....я очень хочу заснуть с тобой под одним одеялом сейчас....чтобы ты прижимал меня к себе и сладко посапывал мне на ушко )<br>Он: было бы чудесно<br>Он: мы бы не скоро заснули... <br>Он: я ж столько анекдотов знаю )]]></description>	
		</item>
		<item>
			<guid isPermaLink="false">2cded9e3589ff97f65d9d31f21ed885394fe2c2d35492f4cea53d6ef9a4b8f37</guid>
			<link>http://bash.org.ru/quote/408789</link>
			<title>Цитата #408789</title>
			<pubDate>Tue, 30 Nov 2010 08:11:01 +0400</pubDate> 
			<description><![CDATA[xxx: +30 - сосед топлесс курит на балконе.<br>xxx: +10 - сосед топлесс курит на балконе.<br>xxx: 0 - сосед топлесс курит на балконе.<br>xxx: -15 - сосед топлесс курит на балконе.<br>xxx: Впервые с упоением жду -30 =D]]></description>	
		</item>
		<item>
			<guid isPermaLink="false">fc40ee84d42005ce273fc23962869b608dea18c70ce6ffb804e8853719316b06</guid>
			<link>http://bash.org.ru/quote/408788</link>
			<title>Цитата #408788</title>
			<pubDate>Mon, 29 Nov 2010 10:45:01 +0400</pubDate> 
			<description><![CDATA[Mi56: Почему инета нет?<br>volchak: под лежачий сервер интернет не течёт )]]></description>	
		</item>
		<item>
			<guid isPermaLink="false">978c8f1110cc948be50077e1158e30046dbf69d156f1ef489cf13cb4daf29dcd</guid>
			<link>http://bash.org.ru/quote/408787</link>
			<title>Цитата #408787</title>
			<pubDate>Mon, 29 Nov 2010 10:12:56 +0400</pubDate> 
			<description><![CDATA[xxx: у меня месячные, температура, и кожа с носа и подбородка слезает, а он спрашивает, люблю ли я романтику]]></description>	
		</item>
		<item>
			<guid isPermaLink="false">7447d9fee27877f2c146e54f5ef544afba61f3e82edcd9b9923ceb64ea97746c</guid>
			<link>http://bash.org.ru/quote/408786</link>
			<title>Цитата #408786</title>
			<pubDate>Mon, 29 Nov 2010 10:12:10 +0400</pubDate> 
			<description><![CDATA[(она) - если бы у тебя был один последний день что бы ты в него сделал ?<br>(я) - я бы в него умер хD]]></description>	
		</item>
		<item>
			<guid isPermaLink="false">0698ea38579682dc7c11c37ad2e2852fc85c608dada22ab414402c781449557c</guid>
			<link>http://bash.org.ru/quote/408785</link>
			<title>Цитата #408785</title>
			<pubDate>Mon, 29 Nov 2010 10:11:01 +0400</pubDate> 
			<description><![CDATA[xxx: Попросила мужа рассказать ребёнку сказку на ночь. Он начал рассказывать &quot;Теремок&quot;.<br>xxx: Когда услышала: &quot;Нет, звери. Медведь - это не страховой случай&quot;, поняла, что сказка была вполне современной :)]]></description>	
		</item>
		<item>
			<guid isPermaLink="false">a26bce491c6ccc285e09f923387db0c6486603457b564808056806206c144ea1</guid>
			<link>http://bash.org.ru/quote/408784</link>
			<title>Цитата #408784</title>
			<pubDate>Mon, 29 Nov 2010 09:45:51 +0400</pubDate> 
			<description><![CDATA[Юра: Ты где щас?<br>DZ: На работе<br>DZ: А шо?<br>Юра: Думал выползем щас погулять...<br>DZ: Сори, не получится. Я рожден летать.]]></description>	
		</item>
		<item>
			<guid isPermaLink="false">7eccee510c34acf9ea6321cb576a3f847bf47e9678840c63a5a6101e9086b044</guid>
			<link>http://bash.org.ru/quote/408783</link>
			<title>Цитата #408783</title>
			<pubDate>Mon, 29 Nov 2010 09:44:42 +0400</pubDate> 
			<description><![CDATA[xxx: так вот, узнав, что я программист-компьютерщик, капитан задает мне вопрос, ошеломляющий меня абсолютно: на каких языках писать умеешь?<br>xxx: я говорю, ну на разных там... делаю паузу...<br>yyy: а он?<br>xxx: он говорит: на таймс нью роман писать умеешь?<br>xxx: более серьезного офицера я в армии не встречал]]></description>	
		</item>
		<item>
			<guid isPermaLink="false">0255f293a84475bd0476fddb6d7654dcc5fc74f533718098e00841bba7de2ed3</guid>
			<link>http://bash.org.ru/quote/408782</link>
			<title>Цитата #408782</title>
			<pubDate>Mon, 29 Nov 2010 09:44:01 +0400</pubDate> 
			<description><![CDATA[Flame: Если вы схватились за оголенные провода и вас ударило током, не расстраивайтесь, ведь в этом был не только минус, но и плюс. ;)]]></description>	
		</item>
		<item>
			<guid isPermaLink="false">aeebc808b9d4f834f8f5d227d268ccc0f92168f034c2234db64ceb16f7d33c0b</guid>
			<link>http://bash.org.ru/quote/408781</link>
			<title>Цитата #408781</title>
			<pubDate>Mon, 29 Nov 2010 09:13:02 +0400</pubDate> 
			<description><![CDATA[maxptk: Похоже лексикон заказчиков начал расширятся. Теперь к фразе &quot;Сделайте мне чтобы было красиво!&quot; добавилась ещё и &quot;Поиграйте с формой квадрата&quot;.]]></description>	
		</item>
		<item>
			<guid isPermaLink="false">d69b9d2fd9e1a467773c14d7a85a368caac3e0ad3f79204ab1d441a133ec7ebd</guid>
			<link>http://bash.org.ru/quote/408780</link>
			<title>Цитата #408780</title>
			<pubDate>Mon, 29 Nov 2010 08:46:01 +0400</pubDate> 
			<description><![CDATA[Звонила только мама и вопрос задала: Саш, мне вчера рассказывали что ты в свитере где-то есть. Я так и не поняла в каком ты свитере и где тебя видели...]]></description>	
		</item>
		<item>
			<guid isPermaLink="false">aac2048a71b94df88edc11a79ca7d5b96f69e19d0004e8c84a021445c452ffce</guid>
			<link>http://bash.org.ru/quote/408779</link>
			<title>Цитата #408779</title>
			<pubDate>Mon, 29 Nov 2010 08:12:52 +0400</pubDate> 
			<description><![CDATA[Deniska: ты виртуальную машину какую-нибудь используешь ?­<br>sith: Ну, играю в Grid иногда. Иногда, лёжа не диване представляю, как я еду на BMW X6. А что?]]></description>	
		</item>
		<item>
			<guid isPermaLink="false">0f1f8622c4a8907be14993692b103d69cde1880247adf3910269d17b98c5e03a</guid>
			<link>http://bash.org.ru/quote/408778</link>
			<title>Цитата #408778</title>
			<pubDate>Mon, 29 Nov 2010 08:12:15 +0400</pubDate> 
			<description><![CDATA[xxx: новая примета<br>xxx: когда админы прогуливаются по офису, значит они уже сделали кому-то подлянку, и ждут реакции]]></description>	
		</item>
		<item>
			<guid isPermaLink="false">7d2e7a433867eec80fc48a2510a03e078fe4b40c3093282d4686f84da60f4f0a</guid>
			<link>http://bash.org.ru/quote/408777</link>
			<title>Цитата #408777</title>
			<pubDate>Mon, 29 Nov 2010 08:11:01 +0400</pubDate> 
			<description><![CDATA[Ира:<br>Препод жжет<br><br>Ира:<br>- вы потеряли наши работы?<br>- я их нашел<br>- раз нашли, значит, теряли?<br>- нет, просто в некоторые моменты времени я их не полностью контролировал]]></description>	
		</item>
		<item>
			<guid isPermaLink="false">6b085db5c2b2122cfd2a1635a5b21ce7d6dbc474013c877c574c0b3a23fcb430</guid>
			<link>http://bash.org.ru/quote/408776</link>
			<title>Цитата #408776</title>
			<pubDate>Sun, 28 Nov 2010 09:12:37 +0400</pubDate> 
			<description><![CDATA[xxx: Витя нифига на завтра не сделал. Видимо, он все эти два дня не ТФКП решал, а друга одноглазого душил. Змеюку свою полировал.<br>yyy: Дим, я всегда стеснялся спросить... Тебя в детстве окунули в чан с боянами, что ли?]]></description>	
		</item>
		<item>
			<guid isPermaLink="false">185649f393c292bfe66deed761a8c57b061591516c6be2ddafc85a08b4099063</guid>
			<link>http://bash.org.ru/quote/408775</link>
			<title>Цитата #408775</title>
			<pubDate>Sun, 28 Nov 2010 09:12:01 +0400</pubDate> 
			<description><![CDATA[xxx: Взросление - это когда идешь по холоду без шапки и чувствуешь себя не крутым, а дебилом!]]></description>	
		</item>
		<item>
			<guid isPermaLink="false">09702f1a56d955454d31b4a6220e12c3da360f6d83e97599abf3edbaf65ec588</guid>
			<link>http://bash.org.ru/quote/408774</link>
			<title>Цитата #408774</title>
			<pubDate>Sun, 28 Nov 2010 08:46:01 +0400</pubDate> 
			<description><![CDATA[xxx: папе за 40 уже, но он молодо выглядит и любит себя расхваливать.<br>xxx: прихожу на днях домой, говорю: мне на улице сегодня два раза сказали, что я красивая, приятно однако )<br>xxx: папа: а ты им отвечай: &quot;вы еще моего папу не видели!&quot;]]></description>	
		</item>
		<item>
			<guid isPermaLink="false">8e87b9d9dfb79c82743e3074f9f08a2739709f2a12b2b4475833c8dc49fd2272</guid>
			<link>http://bash.org.ru/quote/408773</link>
			<title>Цитата #408773</title>
			<pubDate>Sun, 28 Nov 2010 08:12:46 +0400</pubDate> 
			<description><![CDATA[xxx:<br>Обожаю своих друзей. Только они, в периоды моих осложнений с девушкой могут написать мне: &quot;ты мне совсем не пишешь, забыл про меня, завёл себе какую-то бабу?&quot;]]></description>	
		</item>
		<item>
			<guid isPermaLink="false">d7dc91d260cb62f22c105135257c08f2bfb058795326c87b5eae5cbf682b0c37</guid>
			<link>http://bash.org.ru/quote/408772</link>
			<title>Цитата #408772</title>
			<pubDate>Sun, 28 Nov 2010 08:12:01 +0400</pubDate> 
			<description><![CDATA[xxx: работаю в книжном клубе.<br>xxx: тетка заказала книги: ”домашняя выпечка”, ”торты”, ”калбаса в дом. условиях” и книгу ”почему люди толстеют и как вернуть стройность”.]]></description>	
		</item>
		<item>
			<guid isPermaLink="false">240441de70f9dbbf4209918c0a051d0eead042abd28828d55d5ebf1a7754abd6</guid>
			<link>http://bash.org.ru/quote/408771</link>
			<title>Цитата #408771</title>
			<pubDate>Sat, 27 Nov 2010 09:12:01 +0400</pubDate> 
			<description><![CDATA[monarhist: Приволок с работы 8 кг картошки. Мой кот, который до этого думал, что я работаю рыбаком весьма удивился. Мои соседи, которые думали, что я работаю журналистом - тоже.]]></description>	
		</item>
		<item>
			<guid isPermaLink="false">81e84ac4c74ec965cba9e21217639af6d77e4a9f0b5ffb717bd652e8d5c8ab3a</guid>
			<link>http://bash.org.ru/quote/408770</link>
			<title>Цитата #408770</title>
			<pubDate>Sat, 27 Nov 2010 08:46:01 +0400</pubDate> 
			<description><![CDATA[5 курс. Первая пара семестра. На паре всего человек 5.<br>Препод: Это все, кто обычно ходит?<br>Студент: Нет, я обычно не хожу)]]></description>	
		</item>
		<item>
			<guid isPermaLink="false">146d36d824effaf5a541447c9a6dfc3d42d3efc48cc4fb064e0d6c80ee9d2260</guid>
			<link>http://bash.org.ru/quote/408769</link>
			<title>Цитата #408769</title>
			<pubDate>Sat, 27 Nov 2010 08:13:13 +0400</pubDate> 
			<description><![CDATA[Лимончик: пойду почищу свою память алкоголем что-ли...<br>Раз-Два: ты всё ещё переживаешь из-за той девки? да забей ты уже. пошли лучше в клуб?<br>Лимончик: дурак, я оперативу хочу спиртом прочистить от пыли<br>...<br>Лимончик: ну вот нахера ты мне о ней напомнил? <br>Лимончик: теперь пить придётся :(]]></description>	
		</item>
		<item>
			<guid isPermaLink="false">96b703eefdfc582f08c8d8b222989609a699418c01c265283daa04ffc5ea95c6</guid>
			<link>http://bash.org.ru/quote/408768</link>
			<title>Цитата #408768</title>
			<pubDate>Sat, 27 Nov 2010 08:12:14 +0400</pubDate> 
			<description><![CDATA[AAAAA: Я собираюсь в четверг в баньку. Не хочешь присоединиться?<br>BBBBB: Нет, спасибо.<br>ААААА: Боишься, что приставать начну?<br>ВВВВВ: Нет.<br>ААААА: Почему не боишься? )<br>ВВВВВ: Потому что я никуда с Вами не пойду.]]></description>	
		</item>
		<item>
			<guid isPermaLink="false">ae1b3e7af7b38b99f91f20b39907a27f7e9264ff1c267ebeee49583e5ee81367</guid>
			<link>http://bash.org.ru/quote/408767</link>
			<title>Цитата #408767</title>
			<pubDate>Sat, 27 Nov 2010 08:11:01 +0400</pubDate> 
			<description><![CDATA[&lt;Snip&gt; знаешь что самое обидное когда варенники варишь?<br>&lt;ГоЛуБоГлАзКа&gt; что они развариваются?<br>&lt;Snip&gt; нет<br>&lt;ГоЛуБоГлАзКа&gt; а что?<br>&lt;Snip&gt; когда вода вскипела открываешь холодильник, а варенников нет]]></description>	
		</item>
		<item>
			<guid isPermaLink="false">b8504ac5a3622bbc7b0ec6b814e884e21e52471a35e8968781c2cc491ade2a3e</guid>
			<link>http://bash.org.ru/quote/408766</link>
			<title>Цитата #408766</title>
			<pubDate>Fri, 26 Nov 2010 10:46:15 +0400</pubDate> 
			<description><![CDATA[Wo1anD: я вот тут подумал<br>Wo1anD: раньше мы всей компанией качались в вове<br>Wo1anD: сейчас тоже самое делаем в качалке<br>Wo1anD: все-таки мы тру задроты]]></description>	
		</item>
		<item>
			<guid isPermaLink="false">5808d410cb213cf635c7581ad131b14dcab4ea26563c4f4d2e8c8baa07dbca32</guid>
			<link>http://bash.org.ru/quote/408765</link>
			<title>Цитата #408765</title>
			<pubDate>Fri, 26 Nov 2010 10:44:57 +0400</pubDate> 
			<description><![CDATA[xxx: да я тут думал вселенную захватить зимой<br>yyy: а почему зимой?<br>xxx: а летом я люблю купаться]]></description>	
		</item>
		<item>
			<guid isPermaLink="false">d5bead3c7b268dacd079c285d2ee362ffc01a7627685f4efb4e00255c063619f</guid>
			<link>http://bash.org.ru/quote/408764</link>
			<title>Цитата #408764</title>
			<pubDate>Fri, 26 Nov 2010 10:44:01 +0400</pubDate> 
			<description><![CDATA[Запись в микроблоге: У всего есть обратная сторона.<br>Первый коммент: Даже у ленты Мёбиуса?]]></description>	
		</item>
		<item>
			<guid isPermaLink="false">74975aee0026b5b9dce103af5016446336161bbf61e627d37d1ed066201de699</guid>
			<link>http://bash.org.ru/quote/408763</link>
			<title>Цитата #408763</title>
			<pubDate>Fri, 26 Nov 2010 10:13:01 +0400</pubDate> 
			<description><![CDATA[~Rozetta: миш, ты веришь в порчу?<br>Mazarine: Я верю в порчу только в вов играя за варлока<br>Mazarine: Там у меня это основное заклинание]]></description>	
		</item>
		<item>
			<guid isPermaLink="false">ff9f28446e3ea5b107250d3489d707d2a69f49274eee8f4da9b8fa4739dd3073</guid>
			<link>http://bash.org.ru/quote/408762</link>
			<title>Цитата #408762</title>
			<pubDate>Fri, 26 Nov 2010 09:46:15 +0400</pubDate> 
			<description><![CDATA[Сижу за компом, муж в ванне плещется. *Звук открывающейся двери, дикий крик из ванной*<br>М: Заааай!<br>я: Что?<br>М: Не спишь ещё?<br>Я: Нет. А ты? :)<br>М: А я в ванной!<br>*Звук закрывающейся двери*]]></description>	
		</item>
		<item>
			<guid isPermaLink="false">6a2bf0f29950e8fcdb582db7c59b708d67f6a42519f1a3c5835b9e7b5f92935c</guid>
			<link>http://bash.org.ru/quote/408761</link>
			<title>Цитата #408761</title>
			<pubDate>Fri, 26 Nov 2010 09:45:12 +0400</pubDate> 
			<description><![CDATA[Рабочий день кончился, стоим с коллегой у окна, ждём, когда подъедет развозящий сотрудников автобус. За окном рядом стройка - копают грунт. Я:<br>- А прикинь, сейчас экскаватор остановится, оттуда выбежит водитель и заорёт: &quot;НЕЕЕЕФТЬ! МЫ НАШЛИ НЕЕЕЕФТЬ!<br>Коллега:<br>- Ага. А через полчаса сюда прилетят вертолёты с крепкими ребятами из Газпрома, которые объяснят, что западло рвать чужие трубопробоводы.<br>Входит третий коллега:<br>- На счёт нефти не скажу, а вот воду и электричество найти могут.<br>- Месть Чубайса будет жу...<br>В этот момент гаснет свет. Нашли электричество.]]></description>	
		</item>
		<item>
			<guid isPermaLink="false">bfa8c72b22a96dfb4ca7cced4cb5d1f6cb71aa696c327fa3688d3b823019f77a</guid>
			<link>http://bash.org.ru/quote/408760</link>
			<title>Цитата #408760</title>
			<pubDate>Fri, 26 Nov 2010 09:44:01 +0400</pubDate> 
			<description><![CDATA[ууу: Для мелкой переписала сообщение о скате морском коте: &quot;.. выпыщивает в рану сильнейший яд.&quot; <br>xxx: Пыщит ядом! Тыщит всех! Вздрыжни встрахе! Котэ морской идет!]]></description>	
		</item>
		<item>
			<guid isPermaLink="false">45d42094374fd1b21bedd62f2b445fc7cff0b6f84956cc1701e554f26d8a9dba</guid>
			<link>http://bash.org.ru/quote/408759</link>
			<title>Цитата #408759</title>
			<pubDate>Fri, 26 Nov 2010 09:13:33 +0400</pubDate> 
			<description><![CDATA[Ting: у кого есть файл для медиа проигровытеля<br>Luftwaffe: у кого есть буквы для блокнота?<br>ParadOX: у кого есть пиксели для монитора?<br>Luftwaffe: -&gt; Ting: у тя есть страница для ИЕ?<br>ParadOX: куплю пинги. дорого!]]></description>	
		</item>
		<item>
			<guid isPermaLink="false">6c3d2b91c0676c3cf533beeaeaf222d1f6a6b9bc1925966d1a323abd5a5e3edb</guid>
			<link>http://bash.org.ru/quote/408758</link>
			<title>Цитата #408758</title>
			<pubDate>Fri, 26 Nov 2010 09:12:21 +0400</pubDate> 
			<description><![CDATA[Terentyev: сломалось наше зеркало svn<br>Sobolev: разбить зеркало - плохая примета...<br>]]></description>	
		</item>
		<item>
			<guid isPermaLink="false">688d23856cba690685f35bae64ed384f34ac36e595177151b829cd92e06ed1ce</guid>
			<link>http://bash.org.ru/quote/408757</link>
			<title>Цитата #408757</title>
			<pubDate>Fri, 26 Nov 2010 09:11:01 +0400</pubDate> 
			<description><![CDATA[Petrovi4:<br>Служил я тогда в армии. Ночь. Попал тигр в казарму (храпит кто-то).<br>Приказ сержанта: &quot;Рядовой Иванов! Убить тигра!&quot;.<br>Встает солдатик, берет подушку и идет в ту сторону, откуда раздается зловещее рычание.<br>Размах...<br>Удар...<br>Обычно после такой процедуры рев тигра прекращается. Но не тут-то было...<br>&quot;Тигр&quot; начал сильно кричать, материться и выплюнул 2 зуба ...<br><br>Оказалось, что в наволочке подушки лежала &quot;толстая&quot; оригинальная зарядка от телефона Nokia.]]></description>	
		</item>
		<item>
			<guid isPermaLink="false">23431512ba1532d7d12c70345130b5577bac201943690014c277b5a645dbb96a</guid>
			<link>http://bash.org.ru/quote/408756</link>
			<title>Цитата #408756</title>
			<pubDate>Fri, 26 Nov 2010 08:45:54 +0400</pubDate> 
			<description><![CDATA[XXX<br>Рано-рано поутру<br>Пастушок: тру-ру-ру-ру!<br>А коровки в такт ему<br>Отвечают: му-му-му!<br><br>XXX<br>правда сколько я слышал пастухов, я &quot;тру-ру-ру&quot; не слышал )<br><br>XXX<br>я слышал &quot;эй&quot;, &quot;хэй&quot;, &quot;пошла&quot;, и &quot;кудаблядь?&quot;]]></description>	
		</item>
		<item>
			<guid isPermaLink="false">fd217b3b2e7a5a7c858d2787d21f0cbeea2c3094b4f8641977664639690a514a</guid>
			<link>http://bash.org.ru/quote/408755</link>
			<title>Цитата #408755</title>
			<pubDate>Fri, 26 Nov 2010 08:44:48 +0400</pubDate> 
			<description><![CDATA[mmm: Шоу у меня. Вчера над сотрудником своим зверски пошутил. Он спрашивал меня, какой ему антивирус лучше купить, а я посоветовал Contex. Говорю, что он от многих вирусов защищает. Так этот мудак вчера вечером в магазин пошел Contex покупать, говорит что консультанта от смеха сложило пополам.]]></description>	
		</item>
		<item>
			<guid isPermaLink="false">2c77857398367e6607bcd03641415e9888c46df9b1f06fd3519a1185331529ab</guid>
			<link>http://bash.org.ru/quote/408754</link>
			<title>Цитата #408754</title>
			<pubDate>Fri, 26 Nov 2010 08:44:02 +0400</pubDate> 
			<description><![CDATA[ххх: почему мой 3г стал издавать писк из под корпуса после перепрошивки?<br>ууу: Может это писк радости?]]></description>	
		</item>
		<item>
			<guid isPermaLink="false">afd9781d89a64906501cb717742e1529b767438228e3cf16925a8ef47f0ad0c5</guid>
			<link>http://bash.org.ru/quote/408753</link>
			<title>Цитата #408753</title>
			<pubDate>Fri, 26 Nov 2010 08:13:01 +0400</pubDate> 
			<description><![CDATA[MaximAL:<br>а верстальщик ответил:<br>— Спокойно, Андрей, никакого секрета здесь нет<br>— Виииидишь там на гореее. Возвышается &lt;div&gt;<br>— А в нём десяток &lt;br/&gt;<br>— Но так делать нельзяяяяя<br><br>— А когда надоееест. Приходи-ка ко мне<br>— Верстать хорошо, верстать хорошо, верстать хорошо, вдвоёёём]]></description>	
		</item>
		<item>
			<guid isPermaLink="false">49982657b8b450dd6a7a21e131648606b95070aa7a7293690a295aab438538bf</guid>
			<link>http://bash.org.ru/quote/408752</link>
			<title>Цитата #408752</title>
			<pubDate>Thu, 25 Nov 2010 10:44:01 +0400</pubDate> 
			<description><![CDATA[xxx: сказал жене спасибо за макароны по-флотски<br>ххх: обиделась<br>ххх: оказалось - паста карбонара]]></description>	
		</item>
		<item>
			<guid isPermaLink="false">57c52c71ce6d9feb9b25e91fb3737fb65102bc1e2668ef9791d34bbab4e8802b</guid>
			<link>http://bash.org.ru/quote/408751</link>
			<title>Цитата #408751</title>
			<pubDate>Thu, 25 Nov 2010 10:12:56 +0400</pubDate> 
			<description><![CDATA[Spliff: Бля, ко мне из военкомата нагрянули. Пришлось повестку подписать.<br>Spliff: Надо срочно заболеть!<br>Chugden: Теперь я понял, что делают люди в конце ноября в одной футболке на улице, поедая мороженое.]]></description>	
		</item>
		<item>
			<guid isPermaLink="false">44fa522576afd2ace89ede31b7bba2eb55aa3e3b39bebeead0cd9655ec1b02b8</guid>
			<link>http://bash.org.ru/quote/408750</link>
			<title>Цитата #408750</title>
			<pubDate>Thu, 25 Nov 2010 10:11:38 +0400</pubDate> 
			<description><![CDATA[xxx: Прочла сейчас твое сообщение: &quot;пришли мне, пожалуйста, свою собаку на мыло&quot; - ужаснулась!!!!!]]></description>	
		</item>
		<item>
			<guid isPermaLink="false">8ec68d9640d2d74d5e1e0b1afca8f038a734e1e3d75cace1ded7c0a0c9da8a37</guid>
			<link>http://bash.org.ru/quote/408749</link>
			<title>Цитата #408749</title>
			<pubDate>Thu, 25 Nov 2010 10:11:01 +0400</pubDate> 
			<description><![CDATA[xxx: Сколько проживет банка тушенки, лишенная человеческого внимания?<br>yyy: Она будет жить долго и счастливо, и умрёт в один день с человеком, её обнаружившим.]]></description>	
		</item>
		<item>
			<guid isPermaLink="false">981dd4fb87c7b24eaae3e7a74a3ad0a8f99abd8865ae803782993394593594ec</guid>
			<link>http://bash.org.ru/quote/408748</link>
			<title>Цитата #408748</title>
			<pubDate>Thu, 25 Nov 2010 09:45:49 +0400</pubDate> 
			<description><![CDATA[Жуланчик:<br>Fail. Epic fail. Из-за новостроя помойку перенесли под окна жилого дома. На дороге к помойке утонул камаз-мусоровоз. Крепко завяз, на брюхе лежит. Приехавший его вытягивать бортовой камаз повторил судьбу мусоровоза. Следом завяз и трактор, приехавший их вытаскивать. Фейл не в том, что они утонули, а в том, что в пятницу тут положили бетонные плиты. Но они тоже утонули, вместе с мусорными баками. Сама природа против стройки в заболоченной местности. Но поди объясни это строителям.]]></description>	
		</item>
		<item>
			<guid isPermaLink="false">20e3ec3b47eb3aa2d162f55dd211e71cb94a709a9425f927ff9be9ac3145a57a</guid>
			<link>http://bash.org.ru/quote/408747</link>
			<title>Цитата #408747</title>
			<pubDate>Thu, 25 Nov 2010 09:45:01 +0400</pubDate> 
			<description><![CDATA[*буся - здоровенная немецкая овчарка<br><br>ххх: буся наших переписчиков тож встречала - тапки им вынесла... прямо на лестницу<br>ххх: за девочкой только долго гоняться пришлось, она попискивала и тапки не хотела брать, норовила всё на другой этаж улизнуть<br>ххх: а парень от ржания с третий попытки тока всё заполнил...]]></description>	
		</item>
		<item>
			<guid isPermaLink="false">552b95a3dabc38da49a99bca5ce5eec6249ab3aaede939501f3514909bee226e</guid>
			<link>http://bash.org.ru/quote/408746</link>
			<title>Цитата #408746</title>
			<pubDate>Thu, 25 Nov 2010 09:13:01 +0400</pubDate> 
			<description><![CDATA[xxx: Как-то подозрительно часто ожидания реалистов и пессимистов стали совпадать...]]></description>	
		</item>
		<item>
			<guid isPermaLink="false">cf6715747e7d16a250b43ee9dc311ca91546a1369574b9e73dd3f1d3beb4915b</guid>
			<link>http://bash.org.ru/quote/408745</link>
			<title>Цитата #408745</title>
			<pubDate>Thu, 25 Nov 2010 08:45:52 +0400</pubDate> 
			<description><![CDATA[ххх: Наш универ живое воплощение пословицы сапожник без сапог: на стройфаке самые раздолбаные аудитории, на электрофаке лампочки не горят через одну, в общаге теплофака не фурычит отопление, на филфаке половина обьяв и даже пара табличек на дверях с ошибками.<br>ууу: может это такой способ обучения - практика для студентов как не должно быть? )<br>...<br>ууу: на физтехе кстати все вроде в порядке<br>ххх: на физтехе в подвале такое стоит, что если там будет что-то не в порядке, то практика будет для кафедр МЧС и РХБЗ]]></description>	
		</item>
		<item>
			<guid isPermaLink="false">e96a1dbb19d381424fa925268ebded7a7aee4d398559e2e6dae548abf1d9d792</guid>
			<link>http://bash.org.ru/quote/408744</link>
			<title>Цитата #408744</title>
			<pubDate>Thu, 25 Nov 2010 08:45:01 +0400</pubDate> 
			<description><![CDATA[ххх: я ем<br>yyy: ладно, покушай, потом поговорим<br>xxx: lf vj;tv lfkmit ,jknfnm<br>yyy: не говори с набитым ртом]]></description>	
		</item>
		<item>
			<guid isPermaLink="false">f22c131a28457c8fdf3ccd26d42d2491a4ca0033f58833b150aee33664f2b71a</guid>
			<link>http://bash.org.ru/quote/408743</link>
			<title>Цитата #408743</title>
			<pubDate>Thu, 25 Nov 2010 08:44:01 +0400</pubDate> 
			<description><![CDATA[(о переобувании машины к зиме)<br>- Автомобилисты - не городские коммунальные службы, у них зима ВНЕЗАПНО не наступает<br>- Вот-вот, у них наоборот: переобуются, а зима ВНЕЗАПНО НЕ НАСТУПАЕТ!]]></description>	
		</item>
		<item>
			<guid isPermaLink="false">4c1f6d4fddcb58af335842844e75181fff8f5145c1ae3bbe787352655be39e47</guid>
			<link>http://bash.org.ru/quote/408742</link>
			<title>Цитата #408742</title>
			<pubDate>Thu, 25 Nov 2010 08:12:50 +0400</pubDate> 
			<description><![CDATA[nindza-dza: у нас тут что ни день, то погода шепчет...<br>nindza-dza: ...&quot;вали домой, дебил, пока не замерз, не заболел и не помер, блядь!&quot;]]></description>	
		</item>
		<item>
			<guid isPermaLink="false">c528da4d4fac3a0804a17782a8b87b45b5976123dd16c9dd5ce157e45d160cc5</guid>
			<link>http://bash.org.ru/quote/408741</link>
			<title>Цитата #408741</title>
			<pubDate>Thu, 25 Nov 2010 08:12:01 +0400</pubDate> 
			<description><![CDATA[PingWin: ты для сессии чё сделал?<br>Vedun: ручку купил]]></description>	
		</item>
		<item>
			<guid isPermaLink="false">ea26aef96b98adeed7e80d85b7da1fdab3639e24fb3ca3aff14807ef6b082887</guid>
			<link>http://bash.org.ru/quote/408740</link>
			<title>Цитата #408740</title>
			<pubDate>Wed, 24 Nov 2010 10:46:10 +0400</pubDate> 
			<description><![CDATA[xxx: Где ты моя, кареокая, где?<br>yyy: Плачет сидит и вся жопа в говне, бойсо, за тобой я иду.<br>xxx: Э... Вы муж?<br>yyy: Муж-муж. Выходи давай, потолкуем.<br>xxx: А Вы где?<br>yyy: Да у подъезда стою. Видишь мужика с коммуникатором?<br>xxx: Знаете, я не пойду.<br>yyy: Давай, выходи, не заставляй меня подниматься и открывать тем комплектом ключей, что ты ей дал.]]></description>	
		</item>
		<item>
			<guid isPermaLink="false">d308331c385cd385e3c2e15fd812602b5dfe94fdce38dcb4a886593ddea5a913</guid>
			<link>http://bash.org.ru/quote/408739</link>
			<title>Цитата #408739</title>
			<pubDate>Wed, 24 Nov 2010 10:45:01 +0400</pubDate> 
			<description><![CDATA[с хабры:<br>шум кулера — тишина современного дома :)]]></description>	
		</item>
		<item>
			<guid isPermaLink="false">d4520e9452674108dfbc5ca704794c4ca87ee6e9f42f79278d73e4db1e5265e5</guid>
			<link>http://bash.org.ru/quote/408738</link>
			<title>Цитата #408738</title>
			<pubDate>Wed, 24 Nov 2010 10:12:56 +0400</pubDate> 
			<description><![CDATA[&lt;Мария&gt; ДЕНЬ ДОБРЫЙ,КОНСТАНТИН! Я ПОЧЕМУ-ТО НЕ МОГУ ЗАЙТИ В БД .П ИШЕТ,ЧТО НЕПРАВИЛЬНЫЙ ПАРОЛЬ ИЛИ ЛОГИН. В ЧЕМ МОЖЕТ БЫТЬ ДЕЛО?<br>&lt;Константин&gt; у Вас буквы страдают гигантизмом<br>&lt;Мария&gt; СП<br>&lt;Мария&gt; спасибо]]></description>	
		</item>
		<item>
			<guid isPermaLink="false">5e6fbeb9c8be87aa4db8d5160f9387717271a95e673cb8d603ccfefaeed4d192</guid>
			<link>http://bash.org.ru/quote/408737</link>
			<title>Цитата #408737</title>
			<pubDate>Wed, 24 Nov 2010 10:12:01 +0400</pubDate> 
			<description><![CDATA[&lt;xxx&gt; девушки если вы хотите того же, чего и я, пишите у меня 22<br>&lt;yyy&gt; рубля в кармане]]></description>	
		</item>
		<item>
			<guid isPermaLink="false">554b84c48cb01b77266581330832065f1bed842ed7cc5392742760674e54f28f</guid>
			<link>http://bash.org.ru/quote/408736</link>
			<title>Цитата #408736</title>
			<pubDate>Wed, 24 Nov 2010 09:46:01 +0400</pubDate> 
			<description><![CDATA[enhancer: СУКИ!!!!!!!!!!!<br>enhancer: ПОКА ЗВОНИЛ - ПОЧИНИЛИ (<br>enhancer: ну что за техподдержка<br>enhancer: даже поговорить не с кем]]></description>	
		</item>
		<item>
			<guid isPermaLink="false">ebc1f568776ccbe5dc4075534d7b75b2ddc01311aa88a8af8ad0cbf7a2a8cb4b</guid>
			<link>http://bash.org.ru/quote/408735</link>
			<title>Цитата #408735</title>
			<pubDate>Wed, 24 Nov 2010 09:13:06 +0400</pubDate> 
			<description><![CDATA[Ctacka: Опоздали с Аней на премьерный показ Гарри Поттера. Заходим в зал, а нам зеленая морда Волан де Морта с экрана и говорит - входите-входите, ваши места ещё свободны!<br>Стаска: Вот тут-то мы и прониклись силой новых технологий в кинематографе! (;]]></description>	
		</item>
		<item>
			<guid isPermaLink="false">518bf890652ea805295eafa7717b745457f34ad2b8ccc8c909c30ebc21df0438</guid>
			<link>http://bash.org.ru/quote/408734</link>
			<title>Цитата #408734</title>
			<pubDate>Wed, 24 Nov 2010 09:12:01 +0400</pubDate> 
			<description><![CDATA[Из диалог о терпимости к чужим сексуальным пристрастиям.<br><br>ХХХ: Вот давай сразу обозначимся: меня это только радует. И в сущности, ты можешь любить хоть секс с крокодилом в куче говна, меня это не напугает и не оттолкнет.<br>ХХХ: Пока вы с крокодилом не придете за мной]]></description>	
		</item>
		<item>
			<guid isPermaLink="false">c8c9cfa83592489b50fcbf95b93ffc1886e7018f0ff76c1cd5efe1732dcdb4e7</guid>
			<link>http://bash.org.ru/quote/408733</link>
			<title>Цитата #408733</title>
			<pubDate>Wed, 24 Nov 2010 08:45:41 +0400</pubDate> 
			<description><![CDATA[Морга: Сын на ночь глядя рассказывает мне, что такое неньютоновские жидкости... Моё лицо описанию не подлежит... Думаю, новость о том, что он станет папой, я буду выслушивать с мордой попроще.]]></description>	
		</item>
		<item>
			<guid isPermaLink="false">35fd1b0bd8bc5cd81204a685be5f71b55a4bac09e794ca2ca676dbd6e9907194</guid>
			<link>http://bash.org.ru/quote/408732</link>
			<title>Цитата #408732</title>
			<pubDate>Wed, 24 Nov 2010 08:45:01 +0400</pubDate> 
			<description><![CDATA[Lumeny_Green: я, кстати, дочку родила )<br>Nevermind: Да я уж слышал!<br>Nevermind: Поздравляю!<br>Lumeny_Green: что, я реально тогда так громко кричала?]]></description>	
		</item>
		<item>
			<guid isPermaLink="false">e8039e4bd2f2b7ab2c839ff605ea5027ba35d245496f442fd19ae6ccc8f39fd8</guid>
			<link>http://bash.org.ru/quote/408731</link>
			<title>Цитата #408731</title>
			<pubDate>Wed, 24 Nov 2010 08:12:46 +0400</pubDate> 
			<description><![CDATA[sdf: Сегодня у цирка видел припаркованную БМВ Х6 у которой под дворником была зажата рекламная листовка с надписью &quot;Надоело жить от зарплаты до зарплаты?&quot;]]></description>	
		</item>
		<item>
			<guid isPermaLink="false">704487e2ff504571bb068084d47526d2687c2b9211fc5f05624a11ee94153348</guid>
			<link>http://bash.org.ru/quote/408730</link>
			<title>Цитата #408730</title>
			<pubDate>Wed, 24 Nov 2010 08:12:02 +0400</pubDate> 
			<description><![CDATA[на трекере в раздаче сериала:<br><br>Залейте 9-ю!!!!!!!!!!!!!!!!!!!!!!!!!!! Пожалуйста!!!!!!!!!!!!!!! Я через 10 часов в армию ухожу!!!!!!!!!!!!!!!!!!!]]></description>	
		</item>
		<item>
			<guid isPermaLink="false">49dfbfcb46e1d86ddc955a1e38ba4002aa89ccb668fbb6e699ddb3040cea3626</guid>
			<link>http://bash.org.ru/quote/408729</link>
			<title>Цитата #408729</title>
			<pubDate>Tue, 23 Nov 2010 11:13:19 +0400</pubDate> 
			<description><![CDATA[Одна из голосовалок вкантагте:<br>Чего больше всего хочется осенью?<br>-Витаминов<br>97 (6.6%)<br>-Лета<br>250 (16.9%)<br>-Убивать<br>466 (31.5%)]]></description>	
		</item>
		<item>
			<guid isPermaLink="false">ca72af90f10030fd2de258db638e6883144b0013b33ff5846aded381c82c2461</guid>
			<link>http://bash.org.ru/quote/408728</link>
			<title>Цитата #408728</title>
			<pubDate>Tue, 23 Nov 2010 11:12:01 +0400</pubDate> 
			<description><![CDATA[AveCesar: Ты чего весь день ржешь сегодня? Поделишься может?<br>Миксер: В магазине в отделе мягких игрушек увидел ценник на плюшевом мишке: МЕДВЕДЬ СИДЯЩИЙ ОТ 1 ГОДА И БОЛЕЕ!]]></description>	
		</item>
		<item>
			<guid isPermaLink="false">be03baec51fa573d79e71c246a395dddd3c44162759d4225544c931a526143f2</guid>
			<link>http://bash.org.ru/quote/408727</link>
			<title>Цитата #408727</title>
			<pubDate>Tue, 23 Nov 2010 10:45:52 +0400</pubDate> 
			<description><![CDATA[xxx: по мотивам &quot;Макароны по флотски&quot; придумал и приготовил новое блюдо. Назвал его &quot;Смерть Буржуям&quot;. - Очень вкусно :)<br><br>yyy: крупно разрубленный ананас с плотно размазанными по нему рябчиками?]]></description>	
		</item>
		<item>
			<guid isPermaLink="false">268d46ca245f110d5f9c5d9e044837f26d479b92f7571c953a2fb444efe11ddd</guid>
			<link>http://bash.org.ru/quote/408726</link>
			<title>Цитата #408726</title>
			<pubDate>Tue, 23 Nov 2010 10:45:01 +0400</pubDate> 
			<description><![CDATA[xxx: Ты на меня сейчас посмотрел, как на свой ноут, когда он не включался!]]></description>	
		</item>
		<item>
			<guid isPermaLink="false">5ab712ef724c2c3de47648d0a05c83ceda8bd416f1313861d1dbfec600647ce4</guid>
			<link>http://bash.org.ru/quote/408725</link>
			<title>Цитата #408725</title>
			<pubDate>Tue, 23 Nov 2010 10:13:14 +0400</pubDate> 
			<description><![CDATA[xxx: когда в гости-то заглянешь?<br>yyy: Денег нет<br>xxx: нету денег приехать ко мне в гости?<br>yyy: Там нужны посидеть...<br>xxx: стул покупать не обязательно, у меня есть]]></description>	
		</item>
		<item>
			<guid isPermaLink="false">effca2135c4f3dfb581d99b35494014082277d1464daa1043f24d9d951b621b1</guid>
			<link>http://bash.org.ru/quote/408724</link>
			<title>Цитата #408724</title>
			<pubDate>Tue, 23 Nov 2010 10:12:01 +0400</pubDate> 
			<description><![CDATA[Разработчики новой техники: Собрать все это очень легко! Даже ваши девушки ничего не перепутают - все разъёмы разные!<br>Начальник /с гордостью/: Они у меня умненькие, они переходник найдут..]]></description>	
		</item>
		<item>
			<guid isPermaLink="false">0ab029b04e2e8c8683f334decca4cbb31c867a938982031d939876124016ffb9</guid>
			<link>http://bash.org.ru/quote/408723</link>
			<title>Цитата #408723</title>
			<pubDate>Tue, 23 Nov 2010 09:45:51 +0400</pubDate> 
			<description><![CDATA[xxx: я думаю у всех бывают такие дни, когда жалеешь, что ядерное оружие не продается на каждом углу по сто рублей за мегатонну]]></description>	
		</item>
		<item>
			<guid isPermaLink="false">e258e23de5d8dc44398dab3200c05d919a3c4ab0b8abdace18bf65614d7624a1</guid>
			<link>http://bash.org.ru/quote/408722</link>
			<title>Цитата #408722</title>
			<pubDate>Tue, 23 Nov 2010 09:45:01 +0400</pubDate> 
			<description><![CDATA[_Lanze_: У меня складывается смутное подозрение, что мне не даст даже проститутка. <br>_Lanze_: Скажет, что я ей как друг и брат...]]></description>	
		</item>
		<item>
			<guid isPermaLink="false">4b1e319bfb91913cd5ab5dc769d5496d8c97ea4cb601cb0863aaa5b955252ab6</guid>
			<link>http://bash.org.ru/quote/408721</link>
			<title>Цитата #408721</title>
			<pubDate>Tue, 23 Nov 2010 09:13:02 +0400</pubDate> 
			<description><![CDATA[xxx: Микроблог знакомой: &quot;Каждый мужчина рано или поздно должен жениться! В конце концов счастье не главное в жизни!!!!!&quot;<br>xxx: Будь я ее парнем, я бы крепко задумалась.]]></description>	
		</item>
		<item>
			<guid isPermaLink="false">d0199eb2e732a2d97151c2e55bcdeef3ed49f4b57f31a5dfe2d078069b290335</guid>
			<link>http://bash.org.ru/quote/408720</link>
			<title>Цитата #408720</title>
			<pubDate>Tue, 23 Nov 2010 08:45:41 +0400</pubDate> 
			<description><![CDATA[- А о чем игра?<br>- Ну... С чем бы сравнить... Вот помнишь тамагочи?<br>- Ну.<br>- Вот то же самое, только вместо маленького животного у тебя космическая империя.]]></description>	
		</item>
		<item>
			<guid isPermaLink="false">8cbf5167b41c14eaa9a133c02701c32ec75a59344174032371b44fa669d0a5b8</guid>
			<link>http://bash.org.ru/quote/408719</link>
			<title>Цитата #408719</title>
			<pubDate>Tue, 23 Nov 2010 08:45:01 +0400</pubDate> 
			<description><![CDATA[mur_myau: У одной моей знакомой на флешке есть папка hobbit.<br>mur_myau: Ни за что не догадаешься, что внутри.<br>mur_myau: Маршрутные листы авиа в ворде с пометкой ТУДА и ОБРАТНО.]]></description>	
		</item>
		<item>
			<guid isPermaLink="false">7951671359bffed8afae5a976c80b32a02a19f09d0b42ccdebb86b7ae34f6e6d</guid>
			<link>http://bash.org.ru/quote/408718</link>
			<title>Цитата #408718</title>
			<pubDate>Tue, 23 Nov 2010 08:13:01 +0400</pubDate> 
			<description><![CDATA[xxx: &quot;NVIDIA рассказывает о процессоре с 1000 ядрами&quot;<br>yyy: И ты рассказывай, кто тебе мешает]]></description>	
		</item>
		<item>
			<guid isPermaLink="false">9f2ddfb01a1e40b3021939ed4b59118d4aa83c6548b9afad96659b9261ee577d</guid>
			<link>http://bash.org.ru/quote/408717</link>
			<title>Цитата #408717</title>
			<pubDate>Mon, 22 Nov 2010 10:45:32 +0400</pubDate> 
			<description><![CDATA[Felbor: У меня привычка за 4 года появилась - по средам бриться. Пока серваки ВоВа лежат.]]></description>	
		</item>
		<item>
			<guid isPermaLink="false">a6c68e20a0a419f0175cd7654cd464d3e90a2668d312258e39c3b572903203af</guid>
			<link>http://bash.org.ru/quote/408716</link>
			<title>Цитата #408716</title>
			<pubDate>Mon, 22 Nov 2010 10:45:01 +0400</pubDate> 
			<description><![CDATA[xxx: Это полный здец<br>xxx: Есть несколько сайтов конкурентов у нас. И вот один из них последнее время слизывает у нас все подчистую. Ладно бы только функционал, так и дизайн тоже: дизайн меню, кнопки, расположение элементов. Ну, сегодня это не редкость. Но так тупо скопировать футер, чтобы у них везде на сайте висел наш(!) номер аськи - это жестоко. Тут даже слов просто нет...]]></description>	
		</item>
		<item>
			<guid isPermaLink="false">4d09b25ac7ae0ce62b64b59d68e216cc73ca578a6ed01bf8b0ea0ccd8736fa03</guid>
			<link>http://bash.org.ru/quote/408715</link>
			<title>Цитата #408715</title>
			<pubDate>Mon, 22 Nov 2010 10:12:27 +0400</pubDate> 
			<description><![CDATA[Leidi_Satana: вот сейчас идешь с плеером, заряд кончился и он выключился. А раньше, когда были кассетные плееры, при разрядке батареек еще такие миксы и голоса преисподней послушать можно было :)]]></description>	
		</item>
		<item>
			<guid isPermaLink="false">6c3731dd37a6a5729df9c0d4208fab10d1a9a4f4ccdd2f99e403b7306d1841fc</guid>
			<link>http://bash.org.ru/quote/408714</link>
			<title>Цитата #408714</title>
			<pubDate>Mon, 22 Nov 2010 10:11:32 +0400</pubDate> 
			<description><![CDATA[xxx: C папой часто спорим из-за того, кому сидеть за компом.<br>xxx: Сегодня сижу, играю в вов, он стоит сзади, смотрит, потом говорит - вот научил бы ты меня в эту игру играть... (секунд 5 молчания) И ВООБЩЕ БЫ К КОМПУ НЕ ПОДОШЕЛ.]]></description>	
		</item>
		<item>
			<guid isPermaLink="false">fc12cda55caf8205d563d6a0088c1c3917d89f03f31994f1fc55a749e659146a</guid>
			<link>http://bash.org.ru/quote/408713</link>
			<title>Цитата #408713</title>
			<pubDate>Mon, 22 Nov 2010 10:11:01 +0400</pubDate> 
			<description><![CDATA[av220: я не наделал много глупостей только благодаря своей природной лени]]></description>	
		</item>
		<item>
			<guid isPermaLink="false">da4d0e8f76986473944ee3c35d9ce261328087ed810136bfc7cff0b52c7dae26</guid>
			<link>http://bash.org.ru/quote/408712</link>
			<title>Цитата #408712</title>
			<pubDate>Mon, 22 Nov 2010 09:46:01 +0400</pubDate> 
			<description><![CDATA[Tardigrada: В сети вон чего нашла: &quot;С давних пор на Руси богатые купцы и бояре носили шубы из кротов. На пошив одной уходило примерно пять тысяч шкурок, но зато в такой шубе можно было хоть в луже валяться — к кротовьему меху грязь не пристает.&quot;<br><br>Tardigrada: Убить пять тысяч кротов, чтобы можно было падать в шубе в лужу. Вот это квест!]]></description>	
		</item>
		<item>
			<guid isPermaLink="false">bdd3376d3285da5df676c7eb73cbad59cb26a6b4477f08095db8c80d46fa6fdf</guid>
			<link>http://bash.org.ru/quote/408711</link>
			<title>Цитата #408711</title>
			<pubDate>Mon, 22 Nov 2010 09:13:00 +0400</pubDate> 
			<description><![CDATA[lexa: Не, у нее есть пара нормальных фоток<br>lexa: Но где гарантии, что не придет то чучело с остальных 150?]]></description>	
		</item>
		<item>
			<guid isPermaLink="false">192515aa1d7b9b6a14d897d853607ab710c55edac958f6a87432d8c072c66866</guid>
			<link>http://bash.org.ru/quote/408710</link>
			<title>Цитата #408710</title>
			<pubDate>Mon, 22 Nov 2010 09:11:51 +0400</pubDate> 
			<description><![CDATA[xxx: Кстати ещё совет - если учишься на программиста, не советую бриться перед сессией, преподы могут не признать]]></description>	
		</item>
		<item>
			<guid isPermaLink="false">dfe1b15871646d29e8fe9b1f2c9e31ac0b2d7c34a097e7aa7e69c9673f418f7c</guid>
			<link>http://bash.org.ru/quote/408709</link>
			<title>Цитата #408709</title>
			<pubDate>Mon, 22 Nov 2010 09:11:01 +0400</pubDate> 
			<description><![CDATA[Raf: да вообще<br>Raf: чё-то мне даже словосочетание &#039;снимаю шляпу&#039; уже кажется не столь безобидным]]></description>	
		</item>
		<item>
			<guid isPermaLink="false">7ee93ceb0d6b8148acd77a0b0922543c70cbb9ff312e012494560b3687ac3ce2</guid>
			<link>http://bash.org.ru/quote/408708</link>
			<title>Цитата #408708</title>
			<pubDate>Mon, 22 Nov 2010 08:46:01 +0400</pubDate> 
			<description><![CDATA[[Тимлид]:<br>Почему до сих пор не проверен сайт заказчика?<br>[Главный тестер]:<br>Потому что кое-кто поставил на регистрацию аккаунтов такую капчу, через которую не смог пробиться никто из персонала нашей фирмы, включая охрану, уборщицу, курьера и директора. Кстати, последний просил кое-кого подойти для серьёзного разговора.]]></description>	
		</item>
		<item>
			<guid isPermaLink="false">1b46f54946c09e600a8582e0688b24fe7780cd38078337cb997701b8d5a381d8</guid>
			<link>http://bash.org.ru/quote/408707</link>
			<title>Цитата #408707</title>
			<pubDate>Mon, 22 Nov 2010 08:13:01 +0400</pubDate> 
			<description><![CDATA[На одном узкопрофильном сайте отменяют комментарии к новостям:<br>&quot;Отныне вы не только легко сможете прочитать новость, но и сделать себе мнение и оставить его при себе. С уважением, администрация.&quot;]]></description>	
		</item>
		<item>
			<guid isPermaLink="false">482376070b9d25ee1546378a98d3c3a7066f9a2b2635e7c8830b6258f4391327</guid>
			<link>http://bash.org.ru/quote/408706</link>
			<title>Цитата #408706</title>
			<pubDate>Sun, 21 Nov 2010 09:46:01 +0400</pubDate> 
			<description><![CDATA[объявление в газете: <br>Обменяю электрошокер на что нибудь интересное. Рассмотрю все варианты.]]></description>	
		</item>
		<item>
			<guid isPermaLink="false">4450c1c7b3265dee3530c754c608cb47da5b01a273bf1940f88fada9ba392bef</guid>
			<link>http://bash.org.ru/quote/408705</link>
			<title>Цитата #408705</title>
			<pubDate>Sun, 21 Nov 2010 09:13:01 +0400</pubDate> 
			<description><![CDATA[Handur: Ну это я потом научился в армии ложкой открывать тушняк и хлеб ложкой резать )<br>Mr White: я один раз без ничего открыл с голодухи. когда курсантом был и на склады поехали<br>Handur: об камень? А, можно на бок положить и ботинком ударить сверху<br>Mr White: уебал банку об острый угол в кузове, где мы ехали. потом уголок отогнул, зубами его зацепил и потянул на себя, поворачивая банку. потом из той жестянки ложку сделал и стал есть. парни, что со мной ехали, аж отодвинулись подальше<br>Handur: Рэмбо )<br>Mr White: у рэмбо нож был, а у меня нет. я круче.]]></description>	
		</item>
		<item>
			<guid isPermaLink="false">c3b4443acab5f1142acb538cf0864eaab7b67e63225416fd29239a15ab486072</guid>
			<link>http://bash.org.ru/quote/408704</link>
			<title>Цитата #408704</title>
			<pubDate>Sun, 21 Nov 2010 08:46:17 +0400</pubDate> 
			<description><![CDATA[ххх: мне повезло )<br>ххх: уходила к клиенту, через полчаса взорвался принтер на моем столе, весь офис в тонере, часть железа в тонере, и какой-то черный человек со шваброй бегает, при ближайшем рассмотрении оказавшийся сотрудником )]]></description>	
		</item>
		<item>
			<guid isPermaLink="false">38697504679324a0e2304ead3e296b06065674336b474121c0100209aa93065e</guid>
			<link>http://bash.org.ru/quote/408703</link>
			<title>Цитата #408703</title>
			<pubDate>Sun, 21 Nov 2010 08:45:01 +0400</pubDate> 
			<description><![CDATA[ххх: и зачем я только только на собеседовании, после вопроса про последние достижения ляпнул мол, &quot;Цлк25 героик в 18 рыл прошли&quot;<br>ххх: кадровик так на меня посмотрел<br>ххх: сказал, что вряд ли они смогут со мной сотрудничать<br>ууу: видимо он линейщик!]]></description>	
		</item>
		<item>
			<guid isPermaLink="false">601ad00c45676b9efd822132f44d03452a81f6980a18c0d491aaf9fa4f15cc2f</guid>
			<link>http://bash.org.ru/quote/408702</link>
			<title>Цитата #408702</title>
			<pubDate>Sun, 21 Nov 2010 08:13:01 +0400</pubDate> 
			<description><![CDATA[&lt;Лангепас&gt; Спросил у мамы, что подарить ей на день рождения. Она ответила что хочешь, то и подари. Подарю роутер, охоту крепкую и фисташек.]]></description>	
		</item>
		<item>
			<guid isPermaLink="false">87b392fe19054db4300613507768c526c6ef3520607fd9d5c15a4fbac289fe53</guid>
			<link>http://bash.org.ru/quote/408701</link>
			<title>Цитата #408701</title>
			<pubDate>Sat, 20 Nov 2010 08:45:26 +0400</pubDate> 
			<description><![CDATA[&lt;Legz_Divina&gt; ЧТОО<br>&lt;Legz_Divina&gt; СКЛОНЯЛ К ВОВУ?<br>&lt;Legz_Divina&gt; нет, знаете<br>&lt;Legz_Divina&gt; я бывший следователь<br>&lt;Legz_Divina&gt; я всякое повидал<br>&lt;Legz_Divina&gt; я несколько раз перечитывал материалы Нюрнбергского трибунала<br>&lt;Legz_Divina&gt; но чтобы такое...<br>]]></description>	
		</item>
	</channel>
</rss>
