<rift>
  <area type="0">
    <room id="0" name="Dimensional Rift">
      <type>Start</type>
      <teleport x="-114790" y="-180576" z="-6752"/>
      <zone xMin="-115440" xMax="-114160" yMin="-182160" yMax="-178048" zMin="-6816" zMax="-6240"/>
    </room>
    <room id="1" name="Dimensional Rift">
      <type>DimensionalRift</type>
      <zone xMin="-120576" xMax="-109024" yMin="-187328" yMax="-172880" zMin="-6816" zMax="-6240"/>
    </room>
  </area>
  <area type="1">
    <room id="1" name="Dimensional Rift (Recruit Room 1)">
      <teleport x="-111976" y="-182448" z="-6752" />
      <!-- Otherworldy Invader Soldier -->
      <spawn mobId="21659" count="2" delay="90" />
      <!-- Otherwordly Invader Archer -->
      <spawn mobId="21661" count="4" delay="80" />
      <!-- Otherwordly Invader Soldier -->
      <spawn mobId="21660" count="2" delay="90" />

      <zone xMin="-112368" xMax="-111584" yMin="-182832" yMax="-182064" zMin="-6816" zMax="-6240"/>
    </room>
    <room id="2" name="Dimensional Rift (Recruit Room 2)">
      <teleport x="-111088" y="-182448" z="-6752" />
      <!-- Otherworldy Invader Priest -->
      <spawn mobId="21664" count="3" delay="90" />
      <!-- Otherwordly Invader Shaman -->
      <spawn mobId="21663" count="2" delay="90" />
      <!-- Otherwordly Invader Elite Soldier -->
      <spawn mobId="21662" count="3" delay="90" />

      <zone xMin="-111472" xMax="-110704" yMin="-182832" yMax="-182064" zMin="-6816" zMax="-6240"/>
    </room>
    <room id="3" name="Dimensional Rift (Recruit Room 3)">
      <teleport x="-110296" y="-180560" z="-6752" />
      <!-- Otherworldy Invader Martyrs -->
      <spawn mobId="21666" count="2" delay="86" />
      <!-- Otherwordly Invader Warrior -->
      <spawn mobId="21667" count="2" delay="86" />
      <!-- Otherwordly Invader Magus -->
      <spawn mobId="21665" count="2" delay="86" />

      <zone xMin="-110688" xMax="-109904" yMin="-180944" yMax="-180176" zMin="-6816" zMax="-6240"/>
    </room>
    <room id="4" name="Dimensional Rift (Recruit Room 4)">
      <teleport x="-109416" y="-180560" z="-6752" />
      <!-- Otherworldy Invader Soldier -->
      <spawn mobId="21668" count="2" delay="101" />
      <!-- Otherwordly Invader Discipline -->
      <spawn mobId="21669" count="2" delay="101" />
      <!-- Otherwordly Invader Berserker -->
      <spawn mobId="21670" count="2" delay="101" />

      <zone xMin="-109808" xMax="-109024" yMin="-180944" yMax="-180176" zMin="-6816" zMax="-6240"/>
    </room>
    <room id="5" name="Dimensional Rift (Recruit Room 5)">
      <teleport x="-113264" y="-181520" z="-6752" />
      <!-- Otherwordly Invader Food -->
      <spawn mobId="18287" count="6" delay="82" />
      <!-- Otherwordly Invader Elite Soldier -->
      <spawn mobId="21672" count="3" delay="82" />
      <!-- Otherwordly Invader Elite Soldier -->
      <spawn mobId="21673" count="3" delay="82" />

      <zone xMin="-114032" xMax="-112496" yMin="-181968" yMax="-181072" zMin="-6816" zMax="-6240"/>
    </room>
    <room id="6" name="Dimensional Rift (Recruit Room 6)">
      <teleport x="-111592" y="-180560" z="-6752" />
      <!-- Otherworldy Invader Elite Soldier -->
      <spawn mobId="21675" count="4" delay="52" />
      <!-- Otherwordly Invader Warrior -->
      <spawn mobId="21676" count="4" delay="52" />
      <!-- Otherwordly Invader Elite Soldier -->
      <spawn mobId="21674" count="4" delay="52" />

      <zone xMin="-112368" xMax="-110816" yMin="-181008" yMax="-180112" zMin="-6816" zMax="-6240"/>
    </room>
    <room id="7" name="Dimensional Rift (Recruit Room 7)">
      <teleport x="-109800" y="-182448" z="-6752" />
      <!-- Otherworldy Invader Elite Soldier -->
      <spawn mobId="21677" count="4" delay="100" />
      <!-- Otherwordly Invader Elite Soldier -->
      <spawn mobId="21678" count="4" delay="100" />
      <!-- Otherwordly Invader Food -->
      <spawn mobId="18288" count="4" delay="100" />

      <zone xMin="-110576" xMax="-109024" yMin="-182896" yMax="-182000" zMin="-6816" zMax="-6240"/>
    </room>
    <room id="8" name="Dimensional Rift (Recruit Room 8)">
      <teleport x="-111592" y="-181520" z="-6752" />
      <!-- Otherworldy Invader Elite Soldier -->
      <spawn mobId="21679" count="4" delay="137" />
      <!-- Otherwordly Invader Magus -->
      <spawn mobId="21681" count="4" delay="137" />
      <!-- Otherwordly Invader Elite Soldier -->
      <spawn mobId="21680" count="4" delay="137" />

      <zone xMin="-112368" xMax="-110816" yMin="-181968" yMax="-181072" zMin="-6816" zMax="-6240"/>
    </room>
    <room id="9" name="Dimensional Rift (Recruit Room 9)" isBossRoom="true">
      <teleport x="-109912" y="-181520" z="-6752" />
      <!-- Anakazel -->
      <spawn mobId="25333" count="1" delay="600" />

      <zone xMin="-110688" xMax="-109136" yMin="-181968" yMax="-181072" zMin="-6816" zMax="-6240"/>
    </room>
  </area>

  <area type="2">
    <room id="1" name="Dimensional Rift (Soldier Room 1)">
      <teleport x="-111976" y="-179624" z="-6752" />
      <!-- Dimension Invader Soldier -->
      <spawn mobId="21682" count="2" delay="90" />
      <!-- Dimension Invader Archer -->
      <spawn mobId="21684" count="4" delay="80" />
      <!-- Dimension Invader Soldier -->
      <spawn mobId="21683" count="2" delay="90" />

      <zone xMin="-112368" xMax="-111584" yMin="-180016" yMax="-179232" zMin="-6816" zMax="-6240"/>
    </room>
    <room id="2" name="Dimensional Rift (Soldier Room 2)">
      <teleport x="-111088" y="-179624" z="-6752" />
      <!-- Dimension Invader Priest -->
      <spawn mobId="21687" count="3" delay="90" />
      <!-- Dimension Invader Shaman -->
      <spawn mobId="21686" count="2" delay="90" />
      <!-- Dimension Invader Elite Soldier -->
      <spawn mobId="21685" count="3" delay="90" />

      <zone xMin="-111472" xMax="-110704" yMin="-180016" yMax="-179232" zMin="-6816" zMax="-6240"/>
    </room>
    <room id="3" name="Dimensional Rift (Soldier Room 3)">
      <teleport x="-110296" y="-177744" z="-6752" />
      <!-- Dimension Invader Martyrs -->
      <spawn mobId="21689" count="2" delay="86" />
      <!-- Dimension Invader Warrior -->
      <spawn mobId="21690" count="2" delay="86" />
      <!-- Dimension Invader Magus -->
      <spawn mobId="21688" count="2" delay="86" />

      <zone xMin="-110688" xMax="-109904" yMin="-178128" yMax="-177360" zMin="-6816" zMax="-6240"/>
    </room>
    <room id="4" name="Dimensional Rift (Soldier Room 4)">
      <teleport x="-109416" y="-177744" z="-6752" />
      <!-- Dimension Invader Soldier -->
      <spawn mobId="21691" count="2" delay="101" />
      <!-- Dimension Invader Discipline -->
      <spawn mobId="21692" count="2" delay="101" />
      <!-- Dimension Invader Berserker -->
      <spawn mobId="21693" count="2" delay="101" />

      <zone xMin="-109808" xMax="-109024" yMin="-178128" yMax="-177360" zMin="-6816" zMax="-6240"/>
    </room>
    <room id="5" name="Dimensional Rift (Soldier Room 5)">
      <teleport x="-113264" y="-178688" z="-6752" />
      <!-- Dimension Invader Food -->
      <spawn mobId="18289" count="6" delay="82" />
      <!-- Dimension Invader Elite Soldier -->
      <spawn mobId="21695" count="3" delay="82" />
      <!-- Dimension Invader Elite Soldier -->
      <spawn mobId="21696" count="3" delay="82" />

      <zone xMin="-114032" xMax="-112496" yMin="-179136" yMax="-178240" zMin="-6816" zMax="-6240"/>
    </room>
    <room id="6" name="Dimensional Rift (Soldier Room 6)">
      <teleport x="-111592" y="-177744" z="-6752" />
      <!-- Dimension Invader Elite Soldier -->
      <spawn mobId="21698" count="4" delay="52" />
      <!-- Dimension Invader Warrior -->
      <spawn mobId="21699" count="4" delay="52" />
      <!-- Dimension Invader Elite Soldier -->
      <spawn mobId="21697" count="4" delay="52" />

      <zone xMin="-112368" xMax="-110816" yMin="-178192" yMax="-177296" zMin="-6816" zMax="-6240"/>
    </room>
    <room id="7" name="Dimensional Rift (Soldier Room 7)">
      <teleport x="-109800" y="-179624" z="-6752" />
      <!-- Dimension Invader Elite Soldier -->
      <spawn mobId="21700" count="4" delay="100" />
      <!-- Dimension Invader Elite Soldier -->
      <spawn mobId="21701" count="4" delay="100" />
      <!-- Dimension Invader Food -->
      <spawn mobId="18290" count="4" delay="100" />

      <zone xMin="-110576" xMax="-109024" yMin="-180064" yMax="-179168" zMin="-6816" zMax="-6240"/>
    </room>
    <room id="8" name="Dimensional Rift (Soldier Room 8)">
      <teleport x="-111592" y="-178688" z="-6752" />
      <!-- Dimension Invader Elite Soldier -->
      <spawn mobId="21702" count="4" delay="137" />
      <!-- Dimension Invader Magus -->
      <spawn mobId="21704" count="4" delay="137" />
      <!-- Dimension Invader Elite Soldier -->
      <spawn mobId="21703" count="4" delay="137" />

      <zone xMin="-112368" xMax="-110816" yMin="-179136" yMax="-178240" zMin="-6816" zMax="-6240"/>
    </room>
    <room id="9" name="Dimensional Rift (Soldier Room 9)" isBossRoom="true">
      <!-- Anakazel -->
      <spawn mobId="25334" count="1" delay="600" />
      <teleport x="-109912" y="-178688" z="-6752" />

      <zone xMin="-110688" xMax="-109136" yMin="-179136" yMax="-178240" zMin="-6816" zMax="-6240"/>
    </room>
  </area>

  <area type="3">
    <room id="1" name="Dimensional Rift (Officer Room 1)">
      <teleport x="-113872" y="-175824" z="-6752" />
      <!-- Purgatory Invader Soldier -->
      <spawn mobId="21705" count="2" delay="90" />
      <!-- Purgatory Invader Archer -->
      <spawn mobId="21707" count="4" delay="80" />
      <!-- Purgatory Invader Soldier -->
      <spawn mobId="21706" count="2" delay="90" />

      <zone xMin="-114256" xMax="-113488" yMin="-176208" yMax="-175440" zMin="-6816" zMax="-6240"/>
    </room>
    <room id="2" name="Dimensional Rift (Officer Room 2)">
      <teleport x="-113872" y="-174944" z="-6752" />
      <!-- Purgatory Invader Priest -->
      <spawn mobId="21710" count="3" delay="90" />
      <!-- Purgatory Invader Shaman -->
      <spawn mobId="21709" count="2" delay="90" />
      <!-- Purgatory Invader Elite Soldier -->
      <spawn mobId="21708" count="3" delay="90" />

      <zone xMin="-114256" xMax="-113488" yMin="-175328" yMax="-174560" zMin="-6816" zMax="-6240"/>
    </room>
    <room id="3" name="Dimensional Rift (Officer Room 3)">
      <teleport x="-115752" y="-174152" z="-6752" />
      <!-- Purgatory Invader Martyrs -->
      <spawn mobId="21712" count="2" delay="86" />
      <!-- Purgatory Invader Warrior -->
      <spawn mobId="21713" count="2" delay="86" />
      <!-- Purgatory Invader Magus -->
      <spawn mobId="21711" count="2" delay="86" />

      <zone xMin="-116144" xMax="-115360" yMin="-174544" yMax="-173760" zMin="-6816" zMax="-6240"/>
    </room>
    <room id="4" name="Dimensional Rift (Officer Room 4)">
      <teleport x="-115752" y="-173264" z="-6752" />
      <!-- Purgatory Invader Soldier -->
      <spawn mobId="21714" count="2" delay="101" />
      <!-- Purgatory Invader Disciples -->
      <spawn mobId="21715" count="2" delay="101" />
      <!-- Purgatory Invader Berserker -->
      <spawn mobId="21716" count="2" delay="101" />

      <zone xMin="-116144" xMax="-115360" yMin="-173648" yMax="-172880" zMin="-6816" zMax="-6240"/>
    </room>
    <room id="5" name="Dimensional Rift (Officer Room 5)">
      <teleport x="-114800" y="-177120" z="-6752" />
      <!-- Purgatory Invader Food -->
      <spawn mobId="18291" count="6" delay="82" />
      <!-- Purgatory Invader Elite Soldier -->
      <spawn mobId="21719" count="3" delay="82" />
      <!-- Purgatory Invader Elite Soldier -->
      <spawn mobId="21718" count="3" delay="82" />

      <zone xMin="-115248" xMax="-114352" yMin="-177888" yMax="-176352" zMin="-6816" zMax="-6240"/>
    </room>
    <room id="6" name="Dimensional Rift (Officer Room 6)">
      <teleport x="-115760" y="-175440" z="-6752" />
      <!-- Purgatory Invader Elite Soldier -->
      <spawn mobId="21721" count="4" delay="52" />
      <!-- Purgatory Invader Warrior -->
      <spawn mobId="21722" count="4" delay="52" />
      <!-- Purgatory Invader Elite Soldier -->
      <spawn mobId="21720" count="4" delay="52" />

      <zone xMin="-116208" xMax="-115312" yMin="-176208" yMax="-174672" zMin="-6816" zMax="-6240"/>
    </room>
    <room id="7" name="Dimensional Rift (Officer Room 7)">
      <teleport x="-113872" y="-173648" z="-6752" />
      <!-- Purgatory Invader Elite Soldier -->
      <spawn mobId="21723" count="4" delay="100" />
      <!-- Purgatory Invader Elite Soldier -->
      <spawn mobId="21724" count="4" delay="100" />
      <!-- Purgatory Invader Food -->
      <spawn mobId="18292" count="4" delay="100" />

      <zone xMin="-114320" xMax="-113424" yMin="-174416" yMax="-172880" zMin="-6816" zMax="-6240"/>
    </room>
    <room id="8" name="Dimensional Rift (Officer Room 8)">
      <teleport x="-114800" y="-175440" z="-6752" />
      <!-- Purgatory Invader Elite Soldier -->
      <spawn mobId="21725" count="4" delay="137" />
      <!-- Purgatory Invader Magus -->
      <spawn mobId="21727" count="4" delay="137" />
      <!-- Purgatory Invader Elite Soldier -->
      <spawn mobId="21726" count="4" delay="137" />

      <zone xMin="-115248" xMax="-114352" yMin="-176208" yMax="-174672" zMin="-6816" zMax="-6240"/>
    </room>
    <room id="9" name="Dimensional Rift (Officer Room 9)" isBossRoom="true">
      <!-- Anakazel -->
      <spawn mobId="25335" count="1" delay="600" />
      <teleport x="-114800" y="-173832" z="-6752" />

      <zone xMin="-115248" xMax="-114352" yMin="-174528" yMax="-172992" zMin="-6816" zMax="-6240"/>
    </room>
  </area>

  <area type="4">
    <room id="1" name="Dimensional Rift (Captain Room 1)">
      <teleport x="-117632" y="-177760" z="-6752" />
      <!-- Forbidden Path Invader Elite Soldier -->
      <spawn mobId="21728" count="2" delay="90" />
      <!-- Forbidden Path Invader Archer -->
      <spawn mobId="21730" count="4" delay="80" />
      <!-- Forbidden Path Invader Elite Soldier -->
      <spawn mobId="21729" count="2" delay="90" />

      <zone xMin="-118016" xMax="-117248" yMin="-178144" yMax="-177376" zMin="-6816" zMax="-6240"/>
    </room>
    <room id="2" name="Dimensional Rift (Captain Room 2)">
      <teleport x="-118512" y="-177760" z="-6752" />
      <!-- Forbidden Path Invader Priest -->
      <spawn mobId="21733" count="3" delay="90" />
      <!-- Forbidden Path Invader Shaman -->
      <spawn mobId="21732" count="2" delay="90" />
      <!-- Forbidden Path Invader Elite Soldier -->
      <spawn mobId="21731" count="3" delay="90" />

      <zone xMin="-118896" xMax="-118128" yMin="-178144" yMax="-177376" zMin="-6816" zMax="-6240"/>
    </room>
    <room id="3" name="Dimensional Rift (Captain Room 3)">
      <teleport x="-119304" y="-179640" z="-6752" />
      <!-- Forbidden Path Invader Martyrs -->
      <spawn mobId="21735" count="2" delay="86" />
      <!-- Forbidden Path Invader Warrior -->
      <spawn mobId="21736" count="2" delay="86" />
      <!-- Forbidden Path Invader Magus -->
      <spawn mobId="21734" count="2" delay="86" />

      <zone xMin="-119696" xMax="-118912" yMin="-180032" yMax="-179248" zMin="-6816" zMax="-6240"/>
    </room>
    <room id="4" name="Dimensional Rift (Captain Room 4)">
      <teleport x="-120192" y="-179640" z="-6752" />
      <!-- Forbidden Path Invader Soldier -->
      <spawn mobId="21737" count="2" delay="101" />
      <!-- Forbidden Path Invader Disciple -->
      <spawn mobId="21738" count="2" delay="101" />
      <!-- Forbidden Path Invader Berserker -->
      <spawn mobId="21739" count="2" delay="101" />

      <zone xMin="-120576" xMax="-119808" yMin="-180032" yMax="-179248" zMin="-6816" zMax="-6240"/>
    </room>
    <room id="5" name="Dimensional Rift (Captain Room 5)">
      <teleport x="-116336" y="-178688" z="-6752" />
      <!-- Forbidden Path Invader Food -->
      <spawn mobId="18293" count="6" delay="82" />
      <!-- Forbidden Path Invader Elite Soldier -->
      <spawn mobId="21741" count="3" delay="82" />
      <!-- Forbidden Path Invader Elite Soldier -->
      <spawn mobId="21742" count="3" delay="82" />

      <zone xMin="-117104" xMax="-115568" yMin="-179136" yMax="-178240" zMin="-6816" zMax="-6240"/>
    </room>
    <room id="6" name="Dimensional Rift (Captain Room 6)">
      <teleport x="-118016" y="-179648" z="-6752" />
      <!-- Forbidden Path Invader Elite Soldier -->
      <spawn mobId="21744" count="4" delay="52" />
      <!-- Forbidden Path Invader Warrior -->
      <spawn mobId="21745" count="4" delay="52" />
      <!-- Forbidden Path Invader Elite Soldier -->
      <spawn mobId="21743" count="4" delay="52" />

      <zone xMin="-118784" xMax="-117248" yMin="-180096" yMax="-179200" zMin="-6816" zMax="-6240"/>
    </room>
    <room id="7" name="Dimensional Rift (Captain Room 7)">
      <teleport x="-119808" y="-177760" z="-6752" />
      <!-- Forbidden Path Invader Elite Soldier -->
      <spawn mobId="21746" count="4" delay="100" />
      <!-- Forbidden Path Invader Elite Soldier -->
      <spawn mobId="21747" count="4" delay="100" />
      <!-- Forbidden Path Invader Food -->
      <spawn mobId="18294" count="4" delay="100" />

      <zone xMin="-120576" xMax="-119040" yMin="-178208" yMax="-177312" zMin="-6816" zMax="-6240"/>
    </room>
    <room id="8" name="Dimensional Rift (Captain Room 8)">
      <teleport x="-118016" y="-178688" z="-6752" />
      <!-- Forbidden Path Invader Elite Soldier -->
      <spawn mobId="21748" count="4" delay="137" />
      <!-- Forbidden Path Invader Magus -->
      <spawn mobId="21750" count="4" delay="137" />
      <!-- Forbidden Path Invader Elite Soldier -->
      <spawn mobId="21749" count="4" delay="137" />

      <zone xMin="-118784" xMax="-117248" yMin="-179136" yMax="-178240" zMin="-6816" zMax="-6240"/>
    </room>
    <room id="9" name="Dimensional Rift (Captain Room 9)" isBossRoom="true">
      <!-- Anakazel -->
      <spawn mobId="25336" count="1" delay="600" />
      <teleport x="-119696" y="-178688" z="-6752" />

      <zone xMin="-120464" xMax="-118928" yMin="-179136" yMax="-178240" zMin="-6816" zMax="-6240"/>
    </room>
  </area>

  <area type="5">
    <room id="1" name="Dimensional Rift (Commander Room 1)">
      <teleport x="-117632" y="-180584" z="-6752" />
      <!-- Dark Omen Invader Soldier -->
      <spawn mobId="21751" count="2" delay="90" />
      <!-- Dark Omen Invader Archer -->
      <spawn mobId="21753" count="4" delay="80" />
      <!-- Dark Omen Invader Soldier -->
      <spawn mobId="21752" count="2" delay="90" />

      <zone xMin="-118016" xMax="-117248" yMin="-180976" yMax="-180192" zMin="-6816" zMax="-6240"/>
    </room>
    <room id="2" name="Dimensional Rift (Commander Room 2)">
      <teleport x="-118512" y="-180584" z="-6752" />
      <!-- Dark Omen Invader Priest -->
      <spawn mobId="21756" count="3" delay="90" />
      <!-- Dark Omen Invader Shaman -->
      <spawn mobId="21755" count="2" delay="90" />
      <!-- Dark Omen Invader Elite Soldier -->
      <spawn mobId="21754" count="3" delay="90" />

      <zone xMin="-118896" xMax="-118128" yMin="-180976" yMax="-180192" zMin="-6816" zMax="-6240"/>
    </room>
    <room id="3" name="Dimensional Rift (Commander Room 3)">
      <teleport x="-119304" y="-182464" z="-6752" />
      <!-- Dark Omen Invader Martyrs -->
      <spawn mobId="21758" count="2" delay="86" />
      <!-- Dark Omen Invader Warrior -->
      <spawn mobId="21759" count="2" delay="86" />
      <!-- Dark Omen Invader Magus -->
      <spawn mobId="21757" count="2" delay="86" />

      <zone xMin="-119696" xMax="-118912" yMin="-182848" yMax="-182080" zMin="-6816" zMax="-6240"/>
    </room>
    <room id="4" name="Dimensional Rift (Commander Room 4)">
      <teleport x="-120192" y="-182464" z="-6752" />
      <!-- Dark Omen Invader Soldier -->
      <spawn mobId="21760" count="2" delay="101" />
      <!-- Dark Omen Invader Disciple -->
      <spawn mobId="21761" count="2" delay="101" />
      <!-- Dark Omen Invader Berserker -->
      <spawn mobId="21762" count="2" delay="101" />

      <zone xMin="-120576" xMax="-119808" yMin="-182848" yMax="-182080" zMin="-6816" zMax="-6240"/>
    </room>
    <room id="5" name="Dimensional Rift (Commander Room 5)">
      <teleport x="-116336" y="-181520" z="-6752" />
      <!-- Dark Omen Invader Food -->
      <spawn mobId="18295" count="6" delay="82" />
      <!-- Dark Omen Invader Elite Soldier -->
      <spawn mobId="21764" count="3" delay="82" />
      <!-- Dark Omen Invader Elite Soldier -->
      <spawn mobId="21765" count="3" delay="82" />

      <zone xMin="-117104" xMax="-115568" yMin="-181968" yMax="-181072" zMin="-6816" zMax="-6240"/>
    </room>
    <room id="6" name="Dimensional Rift (Commander Room 6)">
      <teleport x="-118016" y="-182464" z="-6752" />
      <!-- Dark Omen Invader Elite Soldier -->
      <spawn mobId="21767" count="4" delay="52" />
      <!-- Dark Omen Invader Warrior -->
      <spawn mobId="21768" count="4" delay="52" />
      <!-- Dark Omen Invader Elite Soldier -->
      <spawn mobId="21766" count="4" delay="52" />

      <zone xMin="-118784" xMax="-117248" yMin="-182912" yMax="-182016" zMin="-6816" zMax="-6240"/>
    </room>
    <room id="7" name="Dimensional Rift (Commander Room 7)">
      <teleport x="-119808" y="-180592" z="-6752" />
      <!-- Dark Omen Invader Elite Soldier -->
      <spawn mobId="21769" count="4" delay="100" />
      <!-- Dark Omen Invader Elite Soldier -->
      <spawn mobId="21770" count="4" delay="100" />
      <!-- Dark Omen Invader Food -->
      <spawn mobId="18296" count="4" delay="100" />

      <zone xMin="-120576" xMax="-119040" yMin="-181040" yMax="-180144" zMin="-6816" zMax="-6240"/>
    </room>
    <room id="8" name="Dimensional Rift (Commander Room 8)">
      <teleport x="-118016" y="-181520" z="-6752" />
      <!-- Dark Omen Invader Elite Soldier -->
      <spawn mobId="21771" count="4" delay="137" />
      <!-- Dark Omen Invader Magus -->
      <spawn mobId="21773" count="4" delay="137" />
      <!-- Dark Omen Invader Elite Soldier -->
      <spawn mobId="21772" count="4" delay="137" />

      <zone xMin="-118784" xMax="-117248" yMin="-181968" yMax="-181072" zMin="-6816" zMax="-6240"/>
    </room>
    <room id="9" name="Dimensional Rift (Commander Room 9)" isBossRoom="true">
      <!-- Anakazel -->
      <spawn mobId="25337" count="1" delay="600" />
      <teleport x="-119696" y="-181520" z="-6752" />

      <zone xMin="-120464" xMax="-118928" yMin="-181968" yMax="-181072" zMin="-6816" zMax="-6240"/>
    </room>
  </area>

  <area type="6">
    <room id="1" name="Dimensional Rift (Hero Room 1)">
      <teleport x="-115728" y="-184384" z="-6752" />
      <!-- Messenger Invader Soldier -->
      <spawn mobId="21774" count="2" delay="90" />
      <!-- Messenger Invader Archer -->
      <spawn mobId="21776" count="4" delay="80" />
      <!-- Messenger Invader Soldier -->
      <spawn mobId="21775" count="2" delay="90" />

      <zone xMin="-116112" xMax="-115344" yMin="-184768" yMax="-184000" zMin="-6816" zMax="-6240"/>
    </room>
    <room id="2" name="Dimensional Rift (Hero Room 2)">
      <teleport x="-115728" y="-185264" z="-6752" />
      <!-- Messenger Invader Priest -->
      <spawn mobId="21779" count="3" delay="90" />
      <!-- Messenger Invader Shaman -->
      <spawn mobId="21778" count="2" delay="90" />
      <!-- Messenger Invader Elite Soldier -->
      <spawn mobId="21777" count="3" delay="90" />

      <zone xMin="-116112" xMax="-115344" yMin="-185648" yMax="-184880" zMin="-6816" zMax="-6240"/>
    </room>
    <room id="3" name="Dimensional Rift (Hero Room 3)">
      <teleport x="-113856" y="-186064" z="-6752" />
      <!-- Messenger Invader Martyrs -->
      <spawn mobId="21781" count="2" delay="86" />
      <!-- Messenger Invader Warrior -->
      <spawn mobId="21782" count="2" delay="86" />
      <!-- Messenger Invader Magus -->
      <spawn mobId="21780" count="2" delay="86" />

      <zone xMin="-114240" xMax="-113472" yMin="-186448" yMax="-185680" zMin="-6816" zMax="-6240"/>
    </room>
    <room id="4" name="Dimensional Rift (Hero Room 4)">
      <teleport x="-113856" y="-186944" z="-6752" />
      <!-- Messenger Invader Soldier -->
      <spawn mobId="21783" count="2" delay="101" />
      <!-- Messenger Invader Disciple -->
      <spawn mobId="21784" count="2" delay="101" />
      <!-- Messenger Invader Berserker -->
      <spawn mobId="21785" count="2" delay="101" />

      <zone xMin="-114240" xMax="-113472" yMin="-187328" yMax="-186560" zMin="-6816" zMax="-6240"/>
    </room>
    <room id="5" name="Dimensional Rift (Hero Room 5)">
      <teleport x="-114800" y="-183088" z="-6752" />
      <!-- Messenger Invader Food -->
      <spawn mobId="18297" count="6" delay="82" />
      <!-- Messenger Invader Elite Soldier -->
      <spawn mobId="21787" count="3" delay="82" />
      <!-- Messenger Invader Elite Soldier -->
      <spawn mobId="21788" count="3" delay="82" />

      <zone xMin="-115248" xMax="-114352" yMin="-183856" yMax="-182320" zMin="-6816" zMax="-6240"/>
    </room>
    <room id="6" name="Dimensional Rift (Hero Room 6)">
      <teleport x="-113856" y="-184768" z="-6752" />
      <!-- Messenger Invader Elite Soldier -->
      <spawn mobId="21790" count="4" delay="52" />
      <!-- Messenger Invader Warrior -->
      <spawn mobId="21791" count="4" delay="52" />
      <!-- Messenger Invader Elite Soldier -->
      <spawn mobId="21789" count="4" delay="52" />

      <zone xMin="-114304" xMax="-113408" yMin="-185536" yMax="-184000" zMin="-6816" zMax="-6240"/>
    </room>
    <room id="7" name="Dimensional Rift (Hero Room 7)">
      <teleport x="-115728" y="-186560" z="-6752" />
      <!-- Messenger Invader Elite Soldier -->
      <spawn mobId="21792" count="4" delay="100" />
      <!-- Messenger Invader Elite Soldier -->
      <spawn mobId="21793" count="4" delay="100" />
      <!-- Messenger Invader Food -->
      <spawn mobId="18298" count="4" delay="100" />

      <zone xMin="-116176" xMax="-115280" yMin="-187328" yMax="-185792" zMin="-6816" zMax="-6240"/>
    </room>
    <room id="8" name="Dimensional Rift (Hero Room 8)">
      <teleport x="-114800" y="-184768" z="-6752" />
      <!-- Messenger Invader Elite Soldier -->
      <spawn mobId="21794" count="4" delay="137" />
      <!-- Messenger Invader Magus -->
      <spawn mobId="21796" count="4" delay="137" />
      <!-- Messenger Invader Elite Soldier -->
      <spawn mobId="21795" count="4" delay="137" />

      <zone xMin="-115248" xMax="-114352" yMin="-185536" yMax="-184000" zMin="-6816" zMax="-6240"/>
    </room>
    <room id="9" name="Dimensional Rift (Hero Room 9)" isBossRoom="true">
      <!-- Anakazel -->
      <spawn mobId="25338" count="1" delay="600" />
      <teleport x="-114800" y="-186448" z="-6752" />

      <zone xMin="-115248" xMax="-114352" yMin="-187216" yMax="-185680" zMin="-6816" zMax="-6240"/>
    </room>
  </area>
</rift>