<?xml version='1.0' encoding='UTF-8' ?>

<!--
  ~ This file is part of aion-unique <aionunique.smfnew.com>.
  ~
  ~ aion-unique is free software: you can redistribute it and/or modify
  ~ it under the terms of the GNU General Public License as published by
  ~ the Free Software Foundation, either version 3 of the License, or
  ~ (at your option) any later version.
  ~
  ~ aion-unique is distributed in the hope that it will be useful,
  ~ but WITHOUT ANY WARRANTY; without even the implied warranty of
  ~ MERCHANTABILITY or FITNESS FOR A PARTICULAR PURPOSE.  See the
  ~ GNU General Public License for more details.
  ~
  ~ You should have received a copy of the GNU General Public License
  ~ along with aion-unique.  If not, see <http://www.gnu.org/licenses/>.
  -->

<!DOCTYPE log4j:configuration SYSTEM "log4j.dtd">

<log4j:configuration>

    <!-- This appender prints information to console -->
    	<appender name="CONSOLE" class="org.apache.log4j.ConsoleAppender">
        	<layout class="org.apache.log4j.EnhancedPatternLayout">
            		<param name="ConversionPattern" value="[%p %d{HH:mm:ss}]: %m%n"/>
        	</layout>
    	</appender>
	<appender name="CHAT" class="org.apache.log4j.RollingFileAppender">
		<param name="File" value="log/chat/chat.log"/>
		<param name="Append" value="true"/>
		<param name="maxBackupIndex" value="10" />
		<param name="MaxFileSize" value="50MB"/>
		<layout class="org.apache.log4j.EnhancedPatternLayout">
			<param name="ConversionPattern" value="[%d{dd.MM.yy HH:mm:ss}] %m%n" />
		</layout>
	</appender>
	<!-- Items file log configuration -->
	<appender name="ITEM" class="org.apache.log4j.RollingFileAppender">
		<param name="File" value="log/item/item.log"/>
		<param name="Append" value="true"/>
		<param name="MaxFileSize" value="50MB"/>
		<param name="maxBackupIndex" value="10" />
		<layout class="org.apache.log4j.EnhancedPatternLayout">
			<param name="ConversionPattern" value="[%d{dd.MM.yy HH:mm:ss}] %m%n" />
		</layout>
	</appender>
	<appender name="GMACTIONS" class="org.apache.log4j.RollingFileAppender">
		<param name="File" value="log/audit/gmaccess.log"/>
		<param name="Append" value="true"/>
		<param name="MaxFileSize" value="50MB"/>
		<param name="maxBackupIndex" value="10" />
		<layout class="org.apache.log4j.EnhancedPatternLayout">
			<param name="ConversionPattern" value="[%d{dd.MM.yy HH:mm:ss}] %m%n" />
		</layout>
	</appender>
	<appender name="CHATASYNC" class="org.apache.log4j.AsyncAppender">
		<param name="Blocking" value="false"/>
		<param name="BufferSize" value="256"/>
		<appender-ref ref="CHAT"/>
	</appender>
	<appender name="ITEMASYNC" class="org.apache.log4j.AsyncAppender">
		<param name="Blocking" value="false"/>
		<param name="BufferSize" value="512"/>
		<appender-ref ref="ITEM"/>
	</appender>
	<appender name="GCMASYNC" class="org.apache.log4j.AsyncAppender">
		<param name="Blocking" value="false"/>
		<param name="BufferSize" value="256"/>
		<appender-ref ref="GMACTIONS"/>
	</appender>
	<appender name="LOGFILEASYNC" class="org.apache.log4j.AsyncAppender">
		<param name="Blocking" value="false"/>
		<param name="BufferSize" value="256"/>
		<appender-ref ref="LOGFILE"/>
	</appender>
	<appender name="LOGFILE" class="org.apache.log4j.RollingFileAppender">
		<param name="File" value="log/game.log"/>
		<param name="Append" value="true"/>
		<param name="maxBackupIndex" value="50" />
		<param name="MaxFileSize" value="100MB"/>
		<layout class="org.apache.log4j.EnhancedPatternLayout">
			<param name="ConversionPattern" value="[%d{dd.MM.yy HH:mm:ss}] %m%n" />
		</layout>
	</appender>

	<appender name="BOSSTATE" class="org.apache.log4j.RollingFileAppender">
		<param name="File" value="log/bossstate.log"/>
		<param name="Append" value="true"/>
		<param name="MaxFileSize" value="50MB"/>
		<layout class="org.apache.log4j.EnhancedPatternLayout">
			<param name="ConversionPattern" value="[%d{dd.MM.yy HH:mm:ss}] %m%n" />
		</layout>
	</appender>

	<appender name="CatsGuard" class="org.apache.log4j.RollingFileAppender">
		<param name="File" value="log/catsguard.log"/>
		<param name="Append" value="true"/>
		<param name="maxBackupIndex" value="50" />
		<param name="MaxFileSize" value="10MB"/>
		<layout class="org.apache.log4j.EnhancedPatternLayout">
			<param name="ConversionPattern" value="[%d{dd.MM.yy HH:mm:ss}] %m%n" />
		</layout>
	</appender>

	<logger name="GmAccess" additivity="false">
		<appender-ref ref="GCMASYNC" />
	</logger>
	<logger name="chat" additivity="false">
		<appender-ref ref="CHATASYNC" />
	</logger>
	<logger name="item" additivity="false">
		<appender-ref ref="ITEMASYNC" />
	</logger>

	<logger name="BOSSTATE" additivity="false">
	  <appender-ref ref="BOSSTATE" />
	</logger>

	<logger name="CatsGuard" additivity="false">
	  <appender-ref ref="CatsGuard" />
	  <appender-ref ref="CONSOLE"/>
	</logger>

    <!-- Root Logger -->
    <root>
        <priority value="info"/>
        <appender-ref ref="CONSOLE"/>
	<appender-ref ref="LOGFILEASYNC"/>
    </root>

</log4j:configuration>